{"cameraMode":{"drawMode":0,"name":"Shaded","section":"Shading Mode"},"sceneLighting":true,"audioPlay":false,"sceneViewState":{"showFog":true,"showMaterialUpdate":false,"showSkybox":true,"showFlares":true,"showImageEffects":true,"showParticleSystems":true},"in2DMode":false,"pivot":{"x":143.09170532226563,"y":198.69374084472657,"z":9.45361328125},"rotation":{"x":0.2159629464149475,"y":-0.03368310630321503,"z":0.007454752456396818,"w":0.9757927656173706},"size":475.5130615234375,"orthographic":false}