{"cameraMode":{"drawMode":0,"name":"Shaded","section":"Shading Mode"},"sceneLighting":false,"audioPlay":false,"sceneViewState":{"showFog":true,"showMaterialUpdate":false,"showSkybox":true,"showFlares":true,"showImageEffects":true,"showParticleSystems":true},"in2DMode":false,"pivot":{"x":-0.15454113483428956,"y":-0.2733747959136963,"z":-0.0507814884185791},"rotation":{"x":0.23399077355861665,"y":0.3074258863925934,"z":-0.07827425003051758,"w":0.9190270900726318},"size":3.4883365631103517,"orthographic":false}