{"cameraMode":{"drawMode":0,"name":"Shaded","section":"Shading Mode"},"sceneLighting":false,"audioPlay":false,"sceneViewState":{"showFog":true,"showMaterialUpdate":false,"showSkybox":true,"showFlares":true,"showImageEffects":true,"showParticleSystems":true},"in2DMode":false,"pivot":{"x":274.8100280761719,"y":38.32093811035156,"z":-223.4969482421875},"rotation":{"x":-0.004902250599116087,"y":0.9870932102203369,"z":-0.15707959234714509,"w":-0.030806496739387513},"size":22.0,"orthographic":false}