{"cameraMode":{"drawMode":0,"name":"Shaded","section":"Shading Mode"},"sceneLighting":false,"audioPlay":false,"sceneViewState":{"showFog":true,"showMaterialUpdate":false,"showSkybox":true,"showFlares":true,"showImageEffects":true,"showParticleSystems":true},"in2DMode":false,"pivot":{"x":301.1251220703125,"y":162.24212646484376,"z":-224.18704223632813},"rotation":{"x":-0.20549455285072328,"y":-0.055745381861925128,"z":0.011724893003702164,"w":-0.9769989848136902},"size":22.0,"orthographic":false}