{"cameraMode":{"drawMode":0,"name":"Shaded","section":"Shading Mode"},"sceneLighting":false,"audioPlay":false,"sceneViewState":{"showFog":true,"showMaterialUpdate":false,"showSkybox":true,"showFlares":true,"showImageEffects":true,"showParticleSystems":true},"in2DMode":false,"pivot":{"x":1.6300163269042969,"y":0.8089134693145752,"z":0.12408185005187988},"rotation":{"x":-0.12484534084796906,"y":-0.5459702610969544,"z":0.08268872648477555,"w":-0.8243135213851929},"size":4.041658401489258,"orthographic":false}